object,direction,frame,phase,rat_x,rat_y,distance,overlap,rat_order,object_order,hidden,renderer_enabled,transition_count
WallStraight_Occlusion,N,0,precontact,0.000000,0.980000,0.050000,False,-98,-74,True,False,31
WallStraight_Occlusion,N,0,first_contact,0.000000,0.937813,0.007813,False,-94,-74,True,False,31
WallStraight_Occlusion,N,0,contact_hold,0.000000,0.937813,0.007813,False,-94,-74,True,False,31
WallStraight_Occlusion,N,0,retreat,0.000000,0.980000,0.050000,False,-98,-74,True,False,31
WallStraight_Occlusion,N,0,reverse_contact,0.000000,0.937813,0.007813,False,-94,-74,True,False,31
WallStraight_Occlusion,N,0,reverse_retreat,0.000000,0.980000,0.050000,False,-98,-74,True,False,31
WallStraight_Occlusion,N,1,precontact,0.000000,0.980000,0.050000,False,-98,-74,True,False,32
WallStraight_Occlusion,N,1,first_contact,0.000000,0.937813,0.007813,False,-94,-74,True,False,32
WallStraight_Occlusion,N,1,contact_hold,0.000000,0.937813,0.007813,False,-94,-74,True,False,32
WallStraight_Occlusion,N,1,retreat,0.000000,0.980000,0.050000,False,-98,-74,True,False,32
WallStraight_Occlusion,N,1,reverse_contact,0.000000,0.937813,0.007813,False,-94,-74,True,False,32
WallStraight_Occlusion,N,1,reverse_retreat,0.000000,0.980000,0.050000,False,-98,-74,True,False,32
WallStraight_Occlusion,N,2,precontact,0.000000,0.980000,0.050000,False,-98,-74,True,False,33
WallStraight_Occlusion,N,2,first_contact,0.000000,0.937813,0.007813,False,-94,-74,True,False,33
WallStraight_Occlusion,N,2,contact_hold,0.000000,0.937813,0.007813,False,-94,-74,True,False,33
WallStraight_Occlusion,N,2,retreat,0.000000,0.980000,0.050000,False,-98,-74,True,False,33
WallStraight_Occlusion,N,2,reverse_contact,0.000000,0.937813,0.007813,False,-94,-74,True,False,33
WallStraight_Occlusion,N,2,reverse_retreat,0.000000,0.980000,0.050000,False,-98,-74,True,False,33
WallStraight_Occlusion,S,0,precontact,0.000000,0.420000,0.050000,False,-42,-74,False,True,33
WallStraight_Occlusion,S,0,first_contact,0.000000,0.462187,0.007813,False,-46,-74,False,True,33
WallStraight_Occlusion,S,0,contact_hold,0.000000,0.462187,0.007813,False,-46,-74,False,True,33
WallStraight_Occlusion,S,0,retreat,0.000000,0.420000,0.050000,False,-42,-74,False,True,33
WallStraight_Occlusion,S,0,reverse_contact,0.000000,0.462187,0.007813,False,-46,-74,False,True,33
WallStraight_Occlusion,S,0,reverse_retreat,0.000000,0.420000,0.050000,False,-42,-74,False,True,33
WallStraight_Occlusion,S,1,precontact,0.000000,0.420000,0.050000,False,-42,-74,False,True,33
WallStraight_Occlusion,S,1,first_contact,0.000000,0.462187,0.007813,False,-46,-74,False,True,33
WallStraight_Occlusion,S,1,contact_hold,0.000000,0.462187,0.007813,False,-46,-74,False,True,33
WallStraight_Occlusion,S,1,retreat,0.000000,0.420000,0.050000,False,-42,-74,False,True,33
WallStraight_Occlusion,S,1,reverse_contact,0.000000,0.462187,0.007813,False,-46,-74,False,True,33
WallStraight_Occlusion,S,1,reverse_retreat,0.000000,0.420000,0.050000,False,-42,-74,False,True,33
WallStraight_Occlusion,S,2,precontact,0.000000,0.420000,0.050000,False,-42,-74,False,True,33
WallStraight_Occlusion,S,2,first_contact,0.000000,0.462187,0.007813,False,-46,-74,False,True,33
WallStraight_Occlusion,S,2,contact_hold,0.000000,0.462187,0.007813,False,-46,-74,False,True,33
WallStraight_Occlusion,S,2,retreat,0.000000,0.420000,0.050000,False,-42,-74,False,True,33
WallStraight_Occlusion,S,2,reverse_contact,0.000000,0.462187,0.007813,False,-46,-74,False,True,33
WallStraight_Occlusion,S,2,reverse_retreat,0.000000,0.420000,0.050000,False,-42,-74,False,True,33
WallStraight_Occlusion,E,0,precontact,0.925000,0.750000,0.050000,False,-75,-74,False,True,33
WallStraight_Occlusion,E,0,first_contact,0.882813,0.750000,0.007813,False,-75,-74,False,True,33
WallStraight_Occlusion,E,0,contact_hold,0.882813,0.750000,0.007813,False,-75,-74,False,True,33
WallStraight_Occlusion,E,0,retreat,0.925000,0.750000,0.050000,False,-75,-74,False,True,33
WallStraight_Occlusion,E,0,reverse_contact,0.882813,0.750000,0.007813,False,-75,-74,False,True,33
WallStraight_Occlusion,E,0,reverse_retreat,0.925000,0.750000,0.050000,False,-75,-74,False,True,33
WallStraight_Occlusion,E,1,precontact,0.925000,0.750000,0.050000,False,-75,-74,False,True,33
WallStraight_Occlusion,E,1,first_contact,0.882813,0.750000,0.007813,False,-75,-74,False,True,33
WallStraight_Occlusion,E,1,contact_hold,0.882813,0.750000,0.007813,False,-75,-74,False,True,33
WallStraight_Occlusion,E,1,retreat,0.925000,0.750000,0.050000,False,-75,-74,False,True,33
WallStraight_Occlusion,E,1,reverse_contact,0.882813,0.750000,0.007813,False,-75,-74,False,True,33
WallStraight_Occlusion,E,1,reverse_retreat,0.925000,0.750000,0.050000,False,-75,-74,False,True,33
WallStraight_Occlusion,E,2,precontact,0.925000,0.750000,0.050000,False,-75,-74,False,True,33
WallStraight_Occlusion,E,2,first_contact,0.882813,0.750000,0.007813,False,-75,-74,False,True,33
WallStraight_Occlusion,E,2,contact_hold,0.882813,0.750000,0.007813,False,-75,-74,False,True,33
WallStraight_Occlusion,E,2,retreat,0.925000,0.750000,0.050000,False,-75,-74,False,True,33
WallStraight_Occlusion,E,2,reverse_contact,0.882813,0.750000,0.007813,False,-75,-74,False,True,33
WallStraight_Occlusion,E,2,reverse_retreat,0.925000,0.750000,0.050000,False,-75,-74,False,True,33
WallStraight_Occlusion,W,0,precontact,-0.925000,0.750000,0.050000,False,-75,-74,False,True,33
WallStraight_Occlusion,W,0,first_contact,-0.882813,0.750000,0.007813,False,-75,-74,False,True,33
WallStraight_Occlusion,W,0,contact_hold,-0.882813,0.750000,0.007813,False,-75,-74,False,True,33
WallStraight_Occlusion,W,0,retreat,-0.925000,0.750000,0.050000,False,-75,-74,False,True,33
WallStraight_Occlusion,W,0,reverse_contact,-0.882813,0.750000,0.007813,False,-75,-74,False,True,33
WallStraight_Occlusion,W,0,reverse_retreat,-0.925000,0.750000,0.050000,False,-75,-74,False,True,33
WallStraight_Occlusion,W,1,precontact,-0.925000,0.750000,0.050000,False,-75,-74,False,True,33
WallStraight_Occlusion,W,1,first_contact,-0.882813,0.750000,0.007813,False,-75,-74,False,True,33
WallStraight_Occlusion,W,1,contact_hold,-0.882813,0.750000,0.007813,False,-75,-74,False,True,33
WallStraight_Occlusion,W,1,retreat,-0.925000,0.750000,0.050000,False,-75,-74,False,True,33
WallStraight_Occlusion,W,1,reverse_contact,-0.882813,0.750000,0.007813,False,-75,-74,False,True,33
WallStraight_Occlusion,W,1,reverse_retreat,-0.925000,0.750000,0.050000,False,-75,-74,False,True,33
WallStraight_Occlusion,W,2,precontact,-0.925000,0.750000,0.050000,False,-75,-74,False,True,33
WallStraight_Occlusion,W,2,first_contact,-0.882813,0.750000,0.007813,False,-75,-74,False,True,33
WallStraight_Occlusion,W,2,contact_hold,-0.882813,0.750000,0.007813,False,-75,-74,False,True,33
WallStraight_Occlusion,W,2,retreat,-0.925000,0.750000,0.050000,False,-75,-74,False,True,33
WallStraight_Occlusion,W,2,reverse_contact,-0.882813,0.750000,0.007813,False,-75,-74,False,True,33
WallStraight_Occlusion,W,2,reverse_retreat,-0.925000,0.750000,0.050000,False,-75,-74,False,True,33
WallStraight_Occlusion,NE,0,precontact,0.215356,0.965356,0.035355,False,-97,-74,True,False,34
WallStraight_Occlusion,NE,0,first_contact,0.185524,0.935524,0.005524,False,-94,-74,True,False,34
WallStraight_Occlusion,NE,0,contact_hold,0.185524,0.935524,0.005524,False,-94,-74,True,False,34
WallStraight_Occlusion,NE,0,retreat,0.215356,0.965356,0.035355,False,-97,-74,True,False,34
WallStraight_Occlusion,NE,0,reverse_contact,0.185524,0.935524,0.005524,False,-94,-74,True,False,34
WallStraight_Occlusion,NE,0,reverse_retreat,0.215356,0.965356,0.035355,False,-97,-74,True,False,34
WallStraight_Occlusion,NE,1,precontact,0.215356,0.965356,0.035355,False,-97,-74,True,False,35
WallStraight_Occlusion,NE,1,first_contact,0.185524,0.935524,0.005524,False,-94,-74,True,False,35
WallStraight_Occlusion,NE,1,contact_hold,0.185524,0.935524,0.005524,False,-94,-74,True,False,35
WallStraight_Occlusion,NE,1,retreat,0.215356,0.965356,0.035355,False,-97,-74,True,False,35
WallStraight_Occlusion,NE,1,reverse_contact,0.185524,0.935524,0.005524,False,-94,-74,True,False,35
WallStraight_Occlusion,NE,1,reverse_retreat,0.215356,0.965356,0.035355,False,-97,-74,True,False,35
WallStraight_Occlusion,NE,2,precontact,0.215356,0.965356,0.035355,False,-97,-74,True,False,36
WallStraight_Occlusion,NE,2,first_contact,0.185524,0.935524,0.005524,False,-94,-74,True,False,36
WallStraight_Occlusion,NE,2,contact_hold,0.185524,0.935524,0.005524,False,-94,-74,True,False,36
WallStraight_Occlusion,NE,2,retreat,0.215356,0.965356,0.035355,False,-97,-74,True,False,36
WallStraight_Occlusion,NE,2,reverse_contact,0.185524,0.935524,0.005524,False,-94,-74,True,False,36
WallStraight_Occlusion,NE,2,reverse_retreat,0.215356,0.965356,0.035355,False,-97,-74,True,False,36
WallStraight_Occlusion,NW,0,precontact,-0.215356,0.965356,0.035355,False,-97,-74,True,False,37
WallStraight_Occlusion,NW,0,first_contact,-0.185524,0.935524,0.005524,False,-94,-74,True,False,37
WallStraight_Occlusion,NW,0,contact_hold,-0.185524,0.935524,0.005524,False,-94,-74,True,False,37
WallStraight_Occlusion,NW,0,retreat,-0.215356,0.965356,0.035355,False,-97,-74,True,False,37
WallStraight_Occlusion,NW,0,reverse_contact,-0.185524,0.935524,0.005524,False,-94,-74,True,False,37
WallStraight_Occlusion,NW,0,reverse_retreat,-0.215356,0.965356,0.035355,False,-97,-74,True,False,37
WallStraight_Occlusion,NW,1,precontact,-0.215356,0.965356,0.035355,False,-97,-74,True,False,38
WallStraight_Occlusion,NW,1,first_contact,-0.185524,0.935524,0.005524,False,-94,-74,True,False,38
WallStraight_Occlusion,NW,1,contact_hold,-0.185524,0.935524,0.005524,False,-94,-74,True,False,38
WallStraight_Occlusion,NW,1,retreat,-0.215356,0.965356,0.035355,False,-97,-74,True,False,38
WallStraight_Occlusion,NW,1,reverse_contact,-0.185524,0.935524,0.005524,False,-94,-74,True,False,38
WallStraight_Occlusion,NW,1,reverse_retreat,-0.215356,0.965356,0.035355,False,-97,-74,True,False,38
WallStraight_Occlusion,NW,2,precontact,-0.215356,0.965356,0.035355,False,-97,-74,True,False,39
WallStraight_Occlusion,NW,2,first_contact,-0.185524,0.935524,0.005524,False,-94,-74,True,False,39
WallStraight_Occlusion,NW,2,contact_hold,-0.185524,0.935524,0.005524,False,-94,-74,True,False,39
WallStraight_Occlusion,NW,2,retreat,-0.215356,0.965356,0.035355,False,-97,-74,True,False,39
WallStraight_Occlusion,NW,2,reverse_contact,-0.185524,0.935524,0.005524,False,-94,-74,True,False,39
WallStraight_Occlusion,NW,2,reverse_retreat,-0.215356,0.965356,0.035355,False,-97,-74,True,False,39
WallStraight_Occlusion,SE,0,precontact,0.315355,0.434645,0.035355,False,-43,-74,False,True,39
WallStraight_Occlusion,SE,0,first_contact,0.285524,0.464476,0.005524,False,-46,-74,False,True,39
WallStraight_Occlusion,SE,0,contact_hold,0.285524,0.464476,0.005524,False,-46,-74,False,True,39
WallStraight_Occlusion,SE,0,retreat,0.315355,0.434645,0.035355,False,-43,-74,False,True,39
WallStraight_Occlusion,SE,0,reverse_contact,0.285524,0.464476,0.005524,False,-46,-74,False,True,39
WallStraight_Occlusion,SE,0,reverse_retreat,0.315355,0.434645,0.035355,False,-43,-74,False,True,39
WallStraight_Occlusion,SE,1,precontact,0.315355,0.434645,0.035355,False,-43,-74,False,True,39
WallStraight_Occlusion,SE,1,first_contact,0.285524,0.464476,0.005524,False,-46,-74,False,True,39
WallStraight_Occlusion,SE,1,contact_hold,0.285524,0.464476,0.005524,False,-46,-74,False,True,39
WallStraight_Occlusion,SE,1,retreat,0.315355,0.434645,0.035355,False,-43,-74,False,True,39
WallStraight_Occlusion,SE,1,reverse_contact,0.285524,0.464476,0.005524,False,-46,-74,False,True,39
WallStraight_Occlusion,SE,1,reverse_retreat,0.315355,0.434645,0.035355,False,-43,-74,False,True,39
WallStraight_Occlusion,SE,2,precontact,0.315355,0.434645,0.035355,False,-43,-74,False,True,39
WallStraight_Occlusion,SE,2,first_contact,0.285524,0.464476,0.005524,False,-46,-74,False,True,39
WallStraight_Occlusion,SE,2,contact_hold,0.285524,0.464476,0.005524,False,-46,-74,False,True,39
WallStraight_Occlusion,SE,2,retreat,0.315355,0.434645,0.035355,False,-43,-74,False,True,39
WallStraight_Occlusion,SE,2,reverse_contact,0.285524,0.464476,0.005524,False,-46,-74,False,True,39
WallStraight_Occlusion,SE,2,reverse_retreat,0.315355,0.434645,0.035355,False,-43,-74,False,True,39
WallStraight_Occlusion,SW,0,precontact,-0.315355,0.434645,0.035355,False,-43,-74,False,True,39
WallStraight_Occlusion,SW,0,first_contact,-0.285524,0.464476,0.005524,False,-46,-74,False,True,39
WallStraight_Occlusion,SW,0,contact_hold,-0.285524,0.464476,0.005524,False,-46,-74,False,True,39
WallStraight_Occlusion,SW,0,retreat,-0.315355,0.434645,0.035355,False,-43,-74,False,True,39
WallStraight_Occlusion,SW,0,reverse_contact,-0.285524,0.464476,0.005524,False,-46,-74,False,True,39
WallStraight_Occlusion,SW,0,reverse_retreat,-0.315355,0.434645,0.035355,False,-43,-74,False,True,39
WallStraight_Occlusion,SW,1,precontact,-0.315355,0.434645,0.035355,False,-43,-74,False,True,39
WallStraight_Occlusion,SW,1,first_contact,-0.285524,0.464476,0.005524,False,-46,-74,False,True,39
WallStraight_Occlusion,SW,1,contact_hold,-0.285524,0.464476,0.005524,False,-46,-74,False,True,39
WallStraight_Occlusion,SW,1,retreat,-0.315355,0.434645,0.035355,False,-43,-74,False,True,39
WallStraight_Occlusion,SW,1,reverse_contact,-0.285524,0.464476,0.005524,False,-46,-74,False,True,39
WallStraight_Occlusion,SW,1,reverse_retreat,-0.315355,0.434645,0.035355,False,-43,-74,False,True,39
WallStraight_Occlusion,SW,2,precontact,-0.315355,0.434645,0.035355,False,-43,-74,False,True,39
WallStraight_Occlusion,SW,2,first_contact,-0.285524,0.464476,0.005524,False,-46,-74,False,True,39
WallStraight_Occlusion,SW,2,contact_hold,-0.285524,0.464476,0.005524,False,-46,-74,False,True,39
WallStraight_Occlusion,SW,2,retreat,-0.315355,0.434645,0.035355,False,-43,-74,False,True,39
WallStraight_Occlusion,SW,2,reverse_contact,-0.285524,0.464476,0.005524,False,-46,-74,False,True,39
WallStraight_Occlusion,SW,2,reverse_retreat,-0.315355,0.434645,0.035355,False,-43,-74,False,True,39
Barrel_A,N,0,precontact,-1.000000,-0.470000,0.050000,False,47,76,True,False,40
Barrel_A,N,0,first_contact,-1.000000,-0.512187,0.007813,False,51,76,True,False,40
Barrel_A,N,0,contact_hold,-1.000000,-0.512187,0.007813,False,51,76,True,False,40
Barrel_A,N,0,retreat,-1.000000,-0.470000,0.050000,False,47,76,True,False,40
Barrel_A,N,0,reverse_contact,-1.000000,-0.512187,0.007813,False,51,76,True,False,40
Barrel_A,N,0,reverse_retreat,-1.000000,-0.470000,0.050000,False,47,76,True,False,40
Barrel_A,N,1,precontact,-1.000000,-0.470000,0.050000,False,47,76,True,False,41
Barrel_A,N,1,first_contact,-1.000000,-0.512187,0.007813,False,51,76,True,False,41
Barrel_A,N,1,contact_hold,-1.000000,-0.512187,0.007813,False,51,76,True,False,41
Barrel_A,N,1,retreat,-1.000000,-0.470000,0.050000,False,47,76,True,False,41
Barrel_A,N,1,reverse_contact,-1.000000,-0.512187,0.007813,False,51,76,True,False,41
Barrel_A,N,1,reverse_retreat,-1.000000,-0.470000,0.050000,False,47,76,True,False,41
Barrel_A,N,2,precontact,-1.000000,-0.470000,0.050000,False,47,76,True,False,42
Barrel_A,N,2,first_contact,-1.000000,-0.512187,0.007813,False,51,76,True,False,42
Barrel_A,N,2,contact_hold,-1.000000,-0.512187,0.007813,False,51,76,True,False,42
Barrel_A,N,2,retreat,-1.000000,-0.470000,0.050000,False,47,76,True,False,42
Barrel_A,N,2,reverse_contact,-1.000000,-0.512187,0.007813,False,51,76,True,False,42
Barrel_A,N,2,reverse_retreat,-1.000000,-0.470000,0.050000,False,47,76,True,False,42
Barrel_A,S,0,precontact,-1.000000,-1.070000,0.050000,False,107,76,False,True,42
Barrel_A,S,0,first_contact,-1.000000,-1.027812,0.007812,False,103,76,False,True,42
Barrel_A,S,0,contact_hold,-1.000000,-1.027812,0.007812,False,103,76,False,True,42
Barrel_A,S,0,retreat,-1.000000,-1.070000,0.050000,False,107,76,False,True,42
Barrel_A,S,0,reverse_contact,-1.000000,-1.027812,0.007812,False,103,76,False,True,42
Barrel_A,S,0,reverse_retreat,-1.000000,-1.070000,0.050000,False,107,76,False,True,42
Barrel_A,S,1,precontact,-1.000000,-1.070000,0.050000,False,107,76,False,True,42
Barrel_A,S,1,first_contact,-1.000000,-1.027812,0.007812,False,103,76,False,True,42
Barrel_A,S,1,contact_hold,-1.000000,-1.027812,0.007812,False,103,76,False,True,42
Barrel_A,S,1,retreat,-1.000000,-1.070000,0.050000,False,107,76,False,True,42
Barrel_A,S,1,reverse_contact,-1.000000,-1.027812,0.007812,False,103,76,False,True,42
Barrel_A,S,1,reverse_retreat,-1.000000,-1.070000,0.050000,False,107,76,False,True,42
Barrel_A,S,2,precontact,-1.000000,-1.070000,0.050000,False,107,76,False,True,42
Barrel_A,S,2,first_contact,-1.000000,-1.027812,0.007812,False,103,76,False,True,42
Barrel_A,S,2,contact_hold,-1.000000,-1.027812,0.007812,False,103,76,False,True,42
Barrel_A,S,2,retreat,-1.000000,-1.070000,0.050000,False,107,76,False,True,42
Barrel_A,S,2,reverse_contact,-1.000000,-1.027812,0.007812,False,103,76,False,True,42
Barrel_A,S,2,reverse_retreat,-1.000000,-1.070000,0.050000,False,107,76,False,True,42
Barrel_A,E,0,precontact,-0.300000,-0.750000,0.050000,False,75,76,False,True,42
Barrel_A,E,0,first_contact,-0.342187,-0.750000,0.007813,False,75,76,False,True,42
Barrel_A,E,0,contact_hold,-0.342187,-0.750000,0.007813,False,75,76,False,True,42
Barrel_A,E,0,retreat,-0.300000,-0.750000,0.050000,False,75,76,False,True,42
Barrel_A,E,0,reverse_contact,-0.342187,-0.750000,0.007813,False,75,76,False,True,42
Barrel_A,E,0,reverse_retreat,-0.300000,-0.750000,0.050000,False,75,76,False,True,42
Barrel_A,E,1,precontact,-0.300000,-0.750000,0.050000,False,75,76,False,True,42
Barrel_A,E,1,first_contact,-0.342187,-0.750000,0.007813,False,75,76,False,True,42
Barrel_A,E,1,contact_hold,-0.342187,-0.750000,0.007813,False,75,76,False,True,42
Barrel_A,E,1,retreat,-0.300000,-0.750000,0.050000,False,75,76,False,True,42
Barrel_A,E,1,reverse_contact,-0.342187,-0.750000,0.007813,False,75,76,False,True,42
Barrel_A,E,1,reverse_retreat,-0.300000,-0.750000,0.050000,False,75,76,False,True,42
Barrel_A,E,2,precontact,-0.300000,-0.750000,0.050000,False,75,76,False,True,42
Barrel_A,E,2,first_contact,-0.342187,-0.750000,0.007813,False,75,76,False,True,42
Barrel_A,E,2,contact_hold,-0.342187,-0.750000,0.007813,False,75,76,False,True,42
Barrel_A,E,2,retreat,-0.300000,-0.750000,0.050000,False,75,76,False,True,42
Barrel_A,E,2,reverse_contact,-0.342187,-0.750000,0.007813,False,75,76,False,True,42
Barrel_A,E,2,reverse_retreat,-0.300000,-0.750000,0.050000,False,75,76,False,True,42
Barrel_A,W,0,precontact,-1.700000,-0.750000,0.050000,False,75,76,False,True,42
Barrel_A,W,0,first_contact,-1.657813,-0.750000,0.007813,False,75,76,False,True,42
Barrel_A,W,0,contact_hold,-1.657813,-0.750000,0.007813,False,75,76,False,True,42
Barrel_A,W,0,retreat,-1.700000,-0.750000,0.050000,False,75,76,False,True,42
Barrel_A,W,0,reverse_contact,-1.657813,-0.750000,0.007813,False,75,76,False,True,42
Barrel_A,W,0,reverse_retreat,-1.700000,-0.750000,0.050000,False,75,76,False,True,42
Barrel_A,W,1,precontact,-1.700000,-0.750000,0.050000,False,75,76,False,True,42
Barrel_A,W,1,first_contact,-1.657813,-0.750000,0.007813,False,75,76,False,True,42
Barrel_A,W,1,contact_hold,-1.657813,-0.750000,0.007813,False,75,76,False,True,42
Barrel_A,W,1,retreat,-1.700000,-0.750000,0.050000,False,75,76,False,True,42
Barrel_A,W,1,reverse_contact,-1.657813,-0.750000,0.007813,False,75,76,False,True,42
Barrel_A,W,1,reverse_retreat,-1.700000,-0.750000,0.050000,False,75,76,False,True,42
Barrel_A,W,2,precontact,-1.700000,-0.750000,0.050000,False,75,76,False,True,42
Barrel_A,W,2,first_contact,-1.657813,-0.750000,0.007813,False,75,76,False,True,42
Barrel_A,W,2,contact_hold,-1.657813,-0.750000,0.007813,False,75,76,False,True,42
Barrel_A,W,2,retreat,-1.700000,-0.750000,0.050000,False,75,76,False,True,42
Barrel_A,W,2,reverse_contact,-1.657813,-0.750000,0.007813,False,75,76,False,True,42
Barrel_A,W,2,reverse_retreat,-1.700000,-0.750000,0.050000,False,75,76,False,True,42
Barrel_A,NE,0,precontact,-0.734645,-0.484645,0.035355,False,48,76,True,False,43
Barrel_A,NE,0,first_contact,-0.764476,-0.514476,0.005524,False,51,76,True,False,43
Barrel_A,NE,0,contact_hold,-0.764476,-0.514476,0.005524,False,51,76,True,False,43
Barrel_A,NE,0,retreat,-0.734645,-0.484645,0.035355,False,48,76,True,False,43
Barrel_A,NE,0,reverse_contact,-0.764476,-0.514476,0.005524,False,51,76,True,False,43
Barrel_A,NE,0,reverse_retreat,-0.734645,-0.484645,0.035355,False,48,76,True,False,43
Barrel_A,NE,1,precontact,-0.734645,-0.484645,0.035355,False,48,76,True,False,44
Barrel_A,NE,1,first_contact,-0.764476,-0.514476,0.005524,False,51,76,True,False,44
Barrel_A,NE,1,contact_hold,-0.764476,-0.514476,0.005524,False,51,76,True,False,44
Barrel_A,NE,1,retreat,-0.734645,-0.484645,0.035355,False,48,76,True,False,44
Barrel_A,NE,1,reverse_contact,-0.764476,-0.514476,0.005524,False,51,76,True,False,44
Barrel_A,NE,1,reverse_retreat,-0.734645,-0.484645,0.035355,False,48,76,True,False,44
Barrel_A,NE,2,precontact,-0.734645,-0.484645,0.035355,False,48,76,True,False,45
Barrel_A,NE,2,first_contact,-0.764476,-0.514476,0.005524,False,51,76,True,False,45
Barrel_A,NE,2,contact_hold,-0.764476,-0.514476,0.005524,False,51,76,True,False,45
Barrel_A,NE,2,retreat,-0.734645,-0.484645,0.035355,False,48,76,True,False,45
Barrel_A,NE,2,reverse_contact,-0.764476,-0.514476,0.005524,False,51,76,True,False,45
Barrel_A,NE,2,reverse_retreat,-0.734645,-0.484645,0.035355,False,48,76,True,False,45
Barrel_A,NW,0,precontact,-1.265355,-0.484645,0.035355,False,48,76,True,False,46
Barrel_A,NW,0,first_contact,-1.235524,-0.514476,0.005524,False,51,76,True,False,46
Barrel_A,NW,0,contact_hold,-1.235524,-0.514476,0.005524,False,51,76,True,False,46
Barrel_A,NW,0,retreat,-1.265355,-0.484645,0.035355,False,48,76,True,False,46
Barrel_A,NW,0,reverse_contact,-1.235524,-0.514476,0.005524,False,51,76,True,False,46
Barrel_A,NW,0,reverse_retreat,-1.265355,-0.484645,0.035355,False,48,76,True,False,46
Barrel_A,NW,1,precontact,-1.265355,-0.484645,0.035355,False,48,76,True,False,47
Barrel_A,NW,1,first_contact,-1.235524,-0.514476,0.005524,False,51,76,True,False,47
Barrel_A,NW,1,contact_hold,-1.235524,-0.514476,0.005524,False,51,76,True,False,47
Barrel_A,NW,1,retreat,-1.265355,-0.484645,0.035355,False,48,76,True,False,47
Barrel_A,NW,1,reverse_contact,-1.235524,-0.514476,0.005524,False,51,76,True,False,47
Barrel_A,NW,1,reverse_retreat,-1.265355,-0.484645,0.035355,False,48,76,True,False,47
Barrel_A,NW,2,precontact,-1.265355,-0.484645,0.035355,False,48,76,True,False,48
Barrel_A,NW,2,first_contact,-1.235524,-0.514476,0.005524,False,51,76,True,False,48
Barrel_A,NW,2,contact_hold,-1.235524,-0.514476,0.005524,False,51,76,True,False,48
Barrel_A,NW,2,retreat,-1.265355,-0.484645,0.035355,False,48,76,True,False,48
Barrel_A,NW,2,reverse_contact,-1.235524,-0.514476,0.005524,False,51,76,True,False,48
Barrel_A,NW,2,reverse_retreat,-1.265355,-0.484645,0.035355,False,48,76,True,False,48
Barrel_A,SE,0,precontact,-0.694645,-1.055355,0.035355,False,106,76,False,True,48
Barrel_A,SE,0,first_contact,-0.724476,-1.025524,0.005524,False,103,76,False,True,48
Barrel_A,SE,0,contact_hold,-0.724476,-1.025524,0.005524,False,103,76,False,True,48
Barrel_A,SE,0,retreat,-0.694645,-1.055355,0.035355,False,106,76,False,True,48
Barrel_A,SE,0,reverse_contact,-0.724476,-1.025524,0.005524,False,103,76,False,True,48
Barrel_A,SE,0,reverse_retreat,-0.694645,-1.055355,0.035355,False,106,76,False,True,48
Barrel_A,SE,1,precontact,-0.694645,-1.055355,0.035355,False,106,76,False,True,48
Barrel_A,SE,1,first_contact,-0.724476,-1.025524,0.005524,False,103,76,False,True,48
Barrel_A,SE,1,contact_hold,-0.724476,-1.025524,0.005524,False,103,76,False,True,48
Barrel_A,SE,1,retreat,-0.694645,-1.055355,0.035355,False,106,76,False,True,48
Barrel_A,SE,1,reverse_contact,-0.724476,-1.025524,0.005524,False,103,76,False,True,48
Barrel_A,SE,1,reverse_retreat,-0.694645,-1.055355,0.035355,False,106,76,False,True,48
Barrel_A,SE,2,precontact,-0.694645,-1.055355,0.035355,False,106,76,False,True,48
Barrel_A,SE,2,first_contact,-0.724476,-1.025524,0.005524,False,103,76,False,True,48
Barrel_A,SE,2,contact_hold,-0.724476,-1.025524,0.005524,False,103,76,False,True,48
Barrel_A,SE,2,retreat,-0.694645,-1.055355,0.035355,False,106,76,False,True,48
Barrel_A,SE,2,reverse_contact,-0.724476,-1.025524,0.005524,False,103,76,False,True,48
Barrel_A,SE,2,reverse_retreat,-0.694645,-1.055355,0.035355,False,106,76,False,True,48
Barrel_A,SW,0,precontact,-1.305355,-1.055355,0.035355,False,106,76,False,True,48
Barrel_A,SW,0,first_contact,-1.275524,-1.025524,0.005524,False,103,76,False,True,48
Barrel_A,SW,0,contact_hold,-1.275524,-1.025524,0.005524,False,103,76,False,True,48
Barrel_A,SW,0,retreat,-1.305355,-1.055355,0.035355,False,106,76,False,True,48
Barrel_A,SW,0,reverse_contact,-1.275524,-1.025524,0.005524,False,103,76,False,True,48
Barrel_A,SW,0,reverse_retreat,-1.305355,-1.055355,0.035355,False,106,76,False,True,48
Barrel_A,SW,1,precontact,-1.305355,-1.055355,0.035355,False,106,76,False,True,48
Barrel_A,SW,1,first_contact,-1.275524,-1.025524,0.005524,False,103,76,False,True,48
Barrel_A,SW,1,contact_hold,-1.275524,-1.025524,0.005524,False,103,76,False,True,48
Barrel_A,SW,1,retreat,-1.305355,-1.055355,0.035355,False,106,76,False,True,48
Barrel_A,SW,1,reverse_contact,-1.275524,-1.025524,0.005524,False,103,76,False,True,48
Barrel_A,SW,1,reverse_retreat,-1.305355,-1.055355,0.035355,False,106,76,False,True,48
Barrel_A,SW,2,precontact,-1.305355,-1.055355,0.035355,False,106,76,False,True,48
Barrel_A,SW,2,first_contact,-1.275524,-1.025524,0.005524,False,103,76,False,True,48
Barrel_A,SW,2,contact_hold,-1.275524,-1.025524,0.005524,False,103,76,False,True,48
Barrel_A,SW,2,retreat,-1.305355,-1.055355,0.035355,False,106,76,False,True,48
Barrel_A,SW,2,reverse_contact,-1.275524,-1.025524,0.005524,False,103,76,False,True,48
Barrel_A,SW,2,reverse_retreat,-1.305355,-1.055355,0.035355,False,106,76,False,True,48
Crate_A,N,0,precontact,2.000000,0.550000,0.050000,False,-55,-24,True,False,49
Crate_A,N,0,first_contact,2.000000,0.507813,0.007813,False,-51,-24,True,False,49
Crate_A,N,0,contact_hold,2.000000,0.507813,0.007813,False,-51,-24,True,False,49
Crate_A,N,0,retreat,2.000000,0.550000,0.050000,False,-55,-24,True,False,49
Crate_A,N,0,reverse_contact,2.000000,0.507813,0.007813,False,-51,-24,True,False,49
Crate_A,N,0,reverse_retreat,2.000000,0.550000,0.050000,False,-55,-24,True,False,49
Crate_A,N,1,precontact,2.000000,0.550000,0.050000,False,-55,-24,True,False,50
Crate_A,N,1,first_contact,2.000000,0.507813,0.007813,False,-51,-24,True,False,50
Crate_A,N,1,contact_hold,2.000000,0.507813,0.007813,False,-51,-24,True,False,50
Crate_A,N,1,retreat,2.000000,0.550000,0.050000,False,-55,-24,True,False,50
Crate_A,N,1,reverse_contact,2.000000,0.507813,0.007813,False,-51,-24,True,False,50
Crate_A,N,1,reverse_retreat,2.000000,0.550000,0.050000,False,-55,-24,True,False,50
Crate_A,N,2,precontact,2.000000,0.550000,0.050000,False,-55,-24,True,False,51
Crate_A,N,2,first_contact,2.000000,0.507813,0.007813,False,-51,-24,True,False,51
Crate_A,N,2,contact_hold,2.000000,0.507813,0.007813,False,-51,-24,True,False,51
Crate_A,N,2,retreat,2.000000,0.550000,0.050000,False,-55,-24,True,False,51
Crate_A,N,2,reverse_contact,2.000000,0.507813,0.007813,False,-51,-24,True,False,51
Crate_A,N,2,reverse_retreat,2.000000,0.550000,0.050000,False,-55,-24,True,False,51
Crate_A,S,0,precontact,2.000000,-0.070000,0.050000,False,7,-24,False,True,51
Crate_A,S,0,first_contact,2.000000,-0.027813,0.007813,False,3,-24,False,True,51
Crate_A,S,0,contact_hold,2.000000,-0.027813,0.007813,False,3,-24,False,True,51
Crate_A,S,0,retreat,2.000000,-0.070000,0.050000,False,7,-24,False,True,51
Crate_A,S,0,reverse_contact,2.000000,-0.027813,0.007813,False,3,-24,False,True,51
Crate_A,S,0,reverse_retreat,2.000000,-0.070000,0.050000,False,7,-24,False,True,51
Crate_A,S,1,precontact,2.000000,-0.070000,0.050000,False,7,-24,False,True,51
Crate_A,S,1,first_contact,2.000000,-0.027813,0.007813,False,3,-24,False,True,51
Crate_A,S,1,contact_hold,2.000000,-0.027813,0.007813,False,3,-24,False,True,51
Crate_A,S,1,retreat,2.000000,-0.070000,0.050000,False,7,-24,False,True,51
Crate_A,S,1,reverse_contact,2.000000,-0.027813,0.007813,False,3,-24,False,True,51
Crate_A,S,1,reverse_retreat,2.000000,-0.070000,0.050000,False,7,-24,False,True,51
Crate_A,S,2,precontact,2.000000,-0.070000,0.050000,False,7,-24,False,True,51
Crate_A,S,2,first_contact,2.000000,-0.027813,0.007813,False,3,-24,False,True,51
Crate_A,S,2,contact_hold,2.000000,-0.027813,0.007813,False,3,-24,False,True,51
Crate_A,S,2,retreat,2.000000,-0.070000,0.050000,False,7,-24,False,True,51
Crate_A,S,2,reverse_contact,2.000000,-0.027813,0.007813,False,3,-24,False,True,51
Crate_A,S,2,reverse_retreat,2.000000,-0.070000,0.050000,False,7,-24,False,True,51
Crate_A,E,0,precontact,2.750000,0.250000,0.050000,False,-25,-24,False,True,51
Crate_A,E,0,first_contact,2.707813,0.250000,0.007813,False,-25,-24,False,True,51
Crate_A,E,0,contact_hold,2.707813,0.250000,0.007813,False,-25,-24,False,True,51
Crate_A,E,0,retreat,2.750000,0.250000,0.050000,False,-25,-24,False,True,51
Crate_A,E,0,reverse_contact,2.707813,0.250000,0.007813,False,-25,-24,False,True,51
Crate_A,E,0,reverse_retreat,2.750000,0.250000,0.050000,False,-25,-24,False,True,51
Crate_A,E,1,precontact,2.750000,0.250000,0.050000,False,-25,-24,False,True,51
Crate_A,E,1,first_contact,2.707813,0.250000,0.007813,False,-25,-24,False,True,51
Crate_A,E,1,contact_hold,2.707813,0.250000,0.007813,False,-25,-24,False,True,51
Crate_A,E,1,retreat,2.750000,0.250000,0.050000,False,-25,-24,False,True,51
Crate_A,E,1,reverse_contact,2.707813,0.250000,0.007813,False,-25,-24,False,True,51
Crate_A,E,1,reverse_retreat,2.750000,0.250000,0.050000,False,-25,-24,False,True,51
Crate_A,E,2,precontact,2.750000,0.250000,0.050000,False,-25,-24,False,True,51
Crate_A,E,2,first_contact,2.707813,0.250000,0.007813,False,-25,-24,False,True,51
Crate_A,E,2,contact_hold,2.707813,0.250000,0.007813,False,-25,-24,False,True,51
Crate_A,E,2,retreat,2.750000,0.250000,0.050000,False,-25,-24,False,True,51
Crate_A,E,2,reverse_contact,2.707813,0.250000,0.007813,False,-25,-24,False,True,51
Crate_A,E,2,reverse_retreat,2.750000,0.250000,0.050000,False,-25,-24,False,True,51
Crate_A,W,0,precontact,1.250000,0.250000,0.050000,False,-25,-24,False,True,51
Crate_A,W,0,first_contact,1.292187,0.250000,0.007813,False,-25,-24,False,True,51
Crate_A,W,0,contact_hold,1.292187,0.250000,0.007813,False,-25,-24,False,True,51
Crate_A,W,0,retreat,1.250000,0.250000,0.050000,False,-25,-24,False,True,51
Crate_A,W,0,reverse_contact,1.292187,0.250000,0.007813,False,-25,-24,False,True,51
Crate_A,W,0,reverse_retreat,1.250000,0.250000,0.050000,False,-25,-24,False,True,51
Crate_A,W,1,precontact,1.250000,0.250000,0.050000,False,-25,-24,False,True,51
Crate_A,W,1,first_contact,1.292187,0.250000,0.007813,False,-25,-24,False,True,51
Crate_A,W,1,contact_hold,1.292187,0.250000,0.007813,False,-25,-24,False,True,51
Crate_A,W,1,retreat,1.250000,0.250000,0.050000,False,-25,-24,False,True,51
Crate_A,W,1,reverse_contact,1.292187,0.250000,0.007813,False,-25,-24,False,True,51
Crate_A,W,1,reverse_retreat,1.250000,0.250000,0.050000,False,-25,-24,False,True,51
Crate_A,W,2,precontact,1.250000,0.250000,0.050000,False,-25,-24,False,True,51
Crate_A,W,2,first_contact,1.292187,0.250000,0.007813,False,-25,-24,False,True,51
Crate_A,W,2,contact_hold,1.292187,0.250000,0.007813,False,-25,-24,False,True,51
Crate_A,W,2,retreat,1.250000,0.250000,0.050000,False,-25,-24,False,True,51
Crate_A,W,2,reverse_contact,1.292187,0.250000,0.007813,False,-25,-24,False,True,51
Crate_A,W,2,reverse_retreat,1.250000,0.250000,0.050000,False,-25,-24,False,True,51
Crate_A,NE,0,precontact,2.285355,0.535355,0.035355,False,-54,-24,True,False,52
Crate_A,NE,0,first_contact,2.255524,0.505524,0.005524,False,-51,-24,True,False,52
Crate_A,NE,0,contact_hold,2.255524,0.505524,0.005524,False,-51,-24,True,False,52
Crate_A,NE,0,retreat,2.285355,0.535355,0.035355,False,-54,-24,True,False,52
Crate_A,NE,0,reverse_contact,2.255524,0.505524,0.005524,False,-51,-24,True,False,52
Crate_A,NE,0,reverse_retreat,2.285355,0.535355,0.035355,False,-54,-24,True,False,52
Crate_A,NE,1,precontact,2.285355,0.535355,0.035355,False,-54,-24,True,False,53
Crate_A,NE,1,first_contact,2.255524,0.505524,0.005524,False,-51,-24,True,False,53
Crate_A,NE,1,contact_hold,2.255524,0.505524,0.005524,False,-51,-24,True,False,53
Crate_A,NE,1,retreat,2.285355,0.535355,0.035355,False,-54,-24,True,False,53
Crate_A,NE,1,reverse_contact,2.255524,0.505524,0.005524,False,-51,-24,True,False,53
Crate_A,NE,1,reverse_retreat,2.285355,0.535355,0.035355,False,-54,-24,True,False,53
Crate_A,NE,2,precontact,2.285355,0.535355,0.035355,False,-54,-24,True,False,54
Crate_A,NE,2,first_contact,2.255524,0.505524,0.005524,False,-51,-24,True,False,54
Crate_A,NE,2,contact_hold,2.255524,0.505524,0.005524,False,-51,-24,True,False,54
Crate_A,NE,2,retreat,2.285355,0.535355,0.035355,False,-54,-24,True,False,54
Crate_A,NE,2,reverse_contact,2.255524,0.505524,0.005524,False,-51,-24,True,False,54
Crate_A,NE,2,reverse_retreat,2.285355,0.535355,0.035355,False,-54,-24,True,False,54
Crate_A,NW,0,precontact,1.714645,0.535355,0.035355,False,-54,-24,True,False,55
Crate_A,NW,0,first_contact,1.744476,0.505524,0.005524,False,-51,-24,True,False,55
Crate_A,NW,0,contact_hold,1.744476,0.505524,0.005524,False,-51,-24,True,False,55
Crate_A,NW,0,retreat,1.714645,0.535355,0.035355,False,-54,-24,True,False,55
Crate_A,NW,0,reverse_contact,1.744476,0.505524,0.005524,False,-51,-24,True,False,55
Crate_A,NW,0,reverse_retreat,1.714645,0.535355,0.035355,False,-54,-24,True,False,55
Crate_A,NW,1,precontact,1.714645,0.535355,0.035355,False,-54,-24,True,False,56
Crate_A,NW,1,first_contact,1.744476,0.505524,0.005524,False,-51,-24,True,False,56
Crate_A,NW,1,contact_hold,1.744476,0.505524,0.005524,False,-51,-24,True,False,56
Crate_A,NW,1,retreat,1.714645,0.535355,0.035355,False,-54,-24,True,False,56
Crate_A,NW,1,reverse_contact,1.744476,0.505524,0.005524,False,-51,-24,True,False,56
Crate_A,NW,1,reverse_retreat,1.714645,0.535355,0.035355,False,-54,-24,True,False,56
Crate_A,NW,2,precontact,1.714645,0.535355,0.035355,False,-54,-24,True,False,57
Crate_A,NW,2,first_contact,1.744476,0.505524,0.005524,False,-51,-24,True,False,57
Crate_A,NW,2,contact_hold,1.744476,0.505524,0.005524,False,-51,-24,True,False,57
Crate_A,NW,2,retreat,1.714645,0.535355,0.035355,False,-54,-24,True,False,57
Crate_A,NW,2,reverse_contact,1.744476,0.505524,0.005524,False,-51,-24,True,False,57
Crate_A,NW,2,reverse_retreat,1.714645,0.535355,0.035355,False,-54,-24,True,False,57
Crate_A,SE,0,precontact,2.305356,-0.055355,0.035355,False,6,-24,False,True,57
Crate_A,SE,0,first_contact,2.275524,-0.025524,0.005524,False,3,-24,False,True,57
Crate_A,SE,0,contact_hold,2.275524,-0.025524,0.005524,False,3,-24,False,True,57
Crate_A,SE,0,retreat,2.305356,-0.055355,0.035355,False,6,-24,False,True,57
Crate_A,SE,0,reverse_contact,2.275524,-0.025524,0.005524,False,3,-24,False,True,57
Crate_A,SE,0,reverse_retreat,2.305356,-0.055355,0.035355,False,6,-24,False,True,57
Crate_A,SE,1,precontact,2.305356,-0.055355,0.035355,False,6,-24,False,True,57
Crate_A,SE,1,first_contact,2.275524,-0.025524,0.005524,False,3,-24,False,True,57
Crate_A,SE,1,contact_hold,2.275524,-0.025524,0.005524,False,3,-24,False,True,57
Crate_A,SE,1,retreat,2.305356,-0.055355,0.035355,False,6,-24,False,True,57
Crate_A,SE,1,reverse_contact,2.275524,-0.025524,0.005524,False,3,-24,False,True,57
Crate_A,SE,1,reverse_retreat,2.305356,-0.055355,0.035355,False,6,-24,False,True,57
Crate_A,SE,2,precontact,2.305356,-0.055355,0.035355,False,6,-24,False,True,57
Crate_A,SE,2,first_contact,2.275524,-0.025524,0.005524,False,3,-24,False,True,57
Crate_A,SE,2,contact_hold,2.275524,-0.025524,0.005524,False,3,-24,False,True,57
Crate_A,SE,2,retreat,2.305356,-0.055355,0.035355,False,6,-24,False,True,57
Crate_A,SE,2,reverse_contact,2.275524,-0.025524,0.005524,False,3,-24,False,True,57
Crate_A,SE,2,reverse_retreat,2.305356,-0.055355,0.035355,False,6,-24,False,True,57
Crate_A,SW,0,precontact,1.694645,-0.055355,0.035355,False,6,-24,False,True,57
Crate_A,SW,0,first_contact,1.724476,-0.025524,0.005524,False,3,-24,False,True,57
Crate_A,SW,0,contact_hold,1.724476,-0.025524,0.005524,False,3,-24,False,True,57
Crate_A,SW,0,retreat,1.694645,-0.055355,0.035355,False,6,-24,False,True,57
Crate_A,SW,0,reverse_contact,1.724476,-0.025524,0.005524,False,3,-24,False,True,57
Crate_A,SW,0,reverse_retreat,1.694645,-0.055355,0.035355,False,6,-24,False,True,57
Crate_A,SW,1,precontact,1.694645,-0.055355,0.035355,False,6,-24,False,True,57
Crate_A,SW,1,first_contact,1.724476,-0.025524,0.005524,False,3,-24,False,True,57
Crate_A,SW,1,contact_hold,1.724476,-0.025524,0.005524,False,3,-24,False,True,57
Crate_A,SW,1,retreat,1.694645,-0.055355,0.035355,False,6,-24,False,True,57
Crate_A,SW,1,reverse_contact,1.724476,-0.025524,0.005524,False,3,-24,False,True,57
Crate_A,SW,1,reverse_retreat,1.694645,-0.055355,0.035355,False,6,-24,False,True,57
Crate_A,SW,2,precontact,1.694645,-0.055355,0.035355,False,6,-24,False,True,57
Crate_A,SW,2,first_contact,1.724476,-0.025524,0.005524,False,3,-24,False,True,57
Crate_A,SW,2,contact_hold,1.724476,-0.025524,0.005524,False,3,-24,False,True,57
Crate_A,SW,2,retreat,1.694645,-0.055355,0.035355,False,6,-24,False,True,57
Crate_A,SW,2,reverse_contact,1.724476,-0.025524,0.005524,False,3,-24,False,True,57
Crate_A,SW,2,reverse_retreat,1.694645,-0.055355,0.035355,False,6,-24,False,True,57
